x_off_mm,y_off_mm,sum,cx_mm,cy_mm,r_centroid_mm,rms_radius_mm,ee50_mm
-35.0,-35.0,1.0,0.9039079941332193,0.9039079858764132,1.2783189386022151,0.032796035409078106,0.015029994020986447
-35.0,-30.88235294117647,1.0,0.903759180024382,0.797434586161624,1.2052728216819228,0.03159222110203098,0.014762951104741196
-35.0,-26.764705882352942,1.0,0.903629032463551,0.6910104426220314,1.137559167746324,0.030542973447478566,0.014108535519166653
-35.0,-22.647058823529413,0.9999999403953552,0.9035175981839101,0.5846290284271619,1.0761668788379006,0.02966291213825551,0.012895100556938982
-35.0,-18.529411764705884,0.9999999403953552,0.9034248048247026,0.47828369753150035,1.022218994783875,0.028924314146328695,0.012800788587309106
-35.0,-14.411764705882355,1.0000001192092896,0.903350417558916,0.37196783396844996,0.9769350267090684,0.028325110802933706,0.01272575617377865
-35.0,-10.294117647058826,1.0,0.9032948371139009,0.2656749602022285,0.941554431371381,0.02786465281421013,0.012669935616039553
-35.0,-6.176470588235297,1.0,0.9032576941319561,0.1593984206382918,0.9172144343121515,0.027544277074318283,0.012632715842520023
-35.0,-2.058823529411768,1.0000001192092896,0.9032391582691172,0.05313171044874932,0.9048005060155045,0.027367992588003064,0.012614160054021006
-35.0,2.058823529411761,1.0,0.9032391674068119,-0.05313171119876082,0.9048005151814732,0.02736799202920565,0.012614169192113436
-35.0,6.17647058823529,1.0,0.9032577124467144,-0.15939842524869316,0.9172144531494445,0.027544266962795962,0.012632734165795174
-35.0,10.294117647058819,0.9999998211860657,0.9032948911637046,-0.26567497565847015,0.9415544875861289,0.027864658897692424,0.012669989726379446
-35.0,14.411764705882348,1.0,0.9033504844817746,-0.3719678567628972,0.9769350972701514,0.02832510767810752,0.012725823261160799
-35.0,18.529411764705877,0.9999999403953552,0.9034248781109515,-0.4782837367493491,1.0222190779029259,0.028924319209759308,0.012800862354185736
-35.0,22.647058823529406,0.9999999403953552,0.9035175680714418,-0.5846290065038636,1.076166841646511,0.029662904438386314,0.012895070018451443
-35.0,26.764705882352935,0.9999999403953552,0.9036291062126584,-0.6910105019920226,1.1375592623938127,0.0305429819846876,0.014108559706852743
-35.0,30.882352941176464,0.9999998807907104,0.9037592286858896,-0.7974346305519351,1.2052728875397536,0.031592219473311034,0.014763013064840791
-35.0,35.0,1.0,0.9039079813040956,-0.9039079718883333,1.2783189196395885,0.03279604254062455,0.015029975655669185
-30.88235294117647,-35.0,1.0000001192092896,0.7974344978895814,0.9037590744385384,1.205272684106967,0.03159238714061199,0.014762823781489689
-30.88235294117647,-30.88235294117647,0.9999999403953552,0.7973034092680653,0.797303395744937,1.1275572851509088,0.030378834759816495,0.013402028909903958
-30.88235294117647,-26.764705882352942,1.0,0.7971885848493073,0.6908968012569103,1.054916124533639,0.02932094133512625,0.009252812421566357
-30.88235294117647,-22.647058823529413,1.0,0.7970903414619239,0.5845329179158655,0.9884491613528348,0.028434681079900916,0.009102859563661414
-30.88235294117647,-18.529411764705884,1.0,0.7970084844222789,0.4782050893201397,0.9294636258040337,0.027690591482193355,0.008989933490878753
-30.88235294117647,-14.411764705882355,0.9999998807907104,0.7969429747661009,0.3719067188192675,0.8794502331183702,0.027086050269900554,0.008909365660327694
-30.88235294117647,-10.294117647058826,0.9999999403953552,0.7968939074071789,0.26563130147102865,0.8399999333237318,0.026620832421712322,0.008856664619154173
-30.88235294117647,-6.176470588235297,1.0,0.7968611828771561,0.1593722252433981,0.8126421420006551,0.026295928703716536,0.008827105987756432
-30.88235294117647,-2.058823529411768,0.9999999403953552,0.7968448438828715,0.05312298717246924,0.7986136468836756,0.026116608229498798,0.008818963789635526
-30.88235294117647,2.058823529411761,0.9999999403953552,0.7968448292675461,-0.05312298545705021,0.7986136321866129,0.026116598193861234,0.008818954697847029
-30.88235294117647,6.17647058823529,1.0,0.7968611933213569,-0.15937222967901496,0.8126421531119326,0.02629592394209095,0.008827116505614999
-30.88235294117647,10.294117647058819,1.0,0.7968939505172867,-0.2656313184321146,0.8399999795851374,0.026620829977748124,0.008856707114509673
-30.88235294117647,14.411764705882348,1.0000001192092896,0.7969429140969193,-0.3719066924483722,0.8794501669891125,0.02708605022182628,0.008909304044199384
-30.88235294117647,18.529411764705877,1.0,0.797008471664902,-0.47820507736164547,0.9294636087120787,0.027690592966624576,0.008989916011900327
-30.88235294117647,22.647058823529406,1.0,0.7970903629935282,-0.5845329290596157,0.988449185306037,0.028434688450136997,0.009102882701164036
-30.88235294117647,26.764705882352935,1.0,0.7971885551411424,-0.6908967721540124,1.0549160830231263,0.02932093691788006,0.009252770834710353
-30.88235294117647,30.882352941176464,0.9999999403953552,0.797303390980703,-0.7973033772410266,1.1275572591355503,0.030378840180851994,0.013402053419628338
-30.88235294117647,35.0,0.9999998807907104,0.7974346340376947,-0.9037592208905001,1.2052728840007294,0.03159238657675626,0.01476301251329512
-26.764705882352942,-35.0,0.9999999403953552,0.6910104839180152,0.9036290921343485,1.137559240231539,0.03054400287532916,0.0141085489332526
-26.764705882352942,-30.88235294117647,0.9999999403953552,0.6908968450750685,0.7971886466965946,1.0549161999688086,0.029321344046045025,0.009252887178654676
-26.764705882352942,-26.764705882352942,1.0,0.6907974401022635,0.6907974379680504,0.9769351071361203,0.028256244853976285,0.00908270038703336
-26.764705882352942,-22.647058823529413,1.0,0.6907122895959209,0.5844488652201643,0.9048004990361008,0.027365100358378202,0.008952793460444045
-26.764705882352942,-18.529411764705884,0.9999998807907104,0.6906414545172493,0.4781363869740783,0.8400000138370994,0.026615965276963763,0.008858522396873564
-26.764705882352942,-14.411764705882355,1.0,0.6905847128340751,0.3718533162424653,0.7843354731239949,0.026006884134187686,0.008795024542196156
-26.764705882352942,-10.294117647058826,1.0,0.6905421239039051,0.2655931213448863,0.7398568314149946,0.025536468331489273,0.008757765143336923
-26.764705882352942,-6.176470588235297,1.0,0.6905137986411618,0.15934932596316717,0.7086617767304532,0.025207626160494764,0.008742258429747199
-26.764705882352942,-2.058823529411768,0.9999998211860657,0.690499658472583,0.05311535901258609,0.6925395437906703,0.02502669057070988,0.008743770468839302
-26.764705882352942,2.058823529411761,1.0,0.6904996448376559,-0.05311535699100531,0.6925395300408569,0.025026681530772615,0.00874375947534087
-26.764705882352942,6.17647058823529,1.0000001192092896,0.690513773105329,-0.1593493208652623,0.7086617507022501,0.02520762606340898,0.008742236868928313
-26.764705882352942,10.294117647058819,0.9999998807907104,0.6905421688883796,-0.2655931369768275,0.7398568790125961,0.025536470463274716,0.008757807919815657
-26.764705882352942,14.411764705882348,0.9999998807907104,0.6905847128318122,-0.37185331531185256,0.7843354726807992,0.026006882849830285,0.008795023881572418
-26.764705882352942,18.529411764705877,1.0,0.6906413670327092,-0.4781363283515241,0.8399999085394508,0.026615959998189793,0.008858419075332932
-26.764705882352942,22.647058823529406,1.0,0.6907122817500186,-0.5844488555504811,0.9048004868005898,0.02736510201985487,0.008952781076429214
-26.764705882352942,26.764705882352935,1.0,0.6907974183159453,-0.6907974208886187,0.976935079653885,0.028256256191061615,0.009082672904798148
-26.764705882352942,30.882352941176464,1.0,0.6908968471693125,-0.7971886490485849,1.0549162031177663,0.02932134209200763,0.009252890323183246
-26.764705882352942,35.0,0.9999998807907104,0.6910104712575365,-0.9036290667836582,1.1375592124034104,0.03054400845250372,0.01410854769476492
-22.647058823529413,-35.0,0.9999998807907104,0.584629054448124,0.903517644970844,1.0761669322547351,0.029663877309765746,0.012895147847420744
-22.647058823529413,-30.88235294117647,0.9999998807907104,0.5845329566501334,0.797090397175607,0.9884492291866658,0.028435743600898202,0.009102926401346757
-22.647058823529413,-26.764705882352942,1.0,0.5844488684088155,0.6907123083040938,0.904800515377348,0.02736535023888759,0.008952808955470345
-22.647058823529413,-22.647058823529413,0.9999999403953552,0.5843768648372101,0.5843768509031877,0.8264336779370098,0.02647049162280169,0.008841462190069725
-22.647058823529413,-18.529411764705884,0.9999999403953552,0.5843168876225023,0.4780774434812121,0.7549730241050866,0.025717109931125436,0.008764118750184057
-22.647058823529413,-14.411764705882355,0.9999998807907104,0.584268953854742,0.3718075309442017,0.6925395660215654,0.02510328358129362,0.008716183674361742
-22.647058823529413,-10.294117647058826,1.0000001192092896,0.5842329284407058,0.26556042688030956,0.6417557596151788,0.024629072381755303,0.00869288764038965
-22.647058823529413,-6.176470588235297,1.0,0.5842089751096491,0.1593297225008794,0.6055461064781722,0.024296786411237524,0.008689840875858924
-22.647058823529413,-2.058823529411768,0.9999998807907104,0.5841970214113951,0.05310881587229216,0.5866060911287088,0.02411435738497492,0.006427998962473001
-22.647058823529413,2.058823529411761,0.9999999403953552,0.5841969899266418,-0.05310881207099585,0.5866060594291037,0.024114367162375715,0.006428030456698268
-22.647058823529413,6.17647058823529,1.0000001192092896,0.5842089368920241,-0.15932971537118043,0.6055460677312424,0.024296784824894443,0.008689809028022126
-22.647058823529413,10.294117647058819,1.0,0.5842329579293237,-0.26556043659371426,0.6417557904800635,0.024629065010494545,0.008692915271716832
-22.647058823529413,14.411764705882348,0.9999999403953552,0.5842689087020507,-0.3718075057906969,0.6925395144236784,0.025103281640417478,0.008716134004886265
-22.647058823529413,18.529411764705877,1.000000238418579,0.5843167698928302,-0.4780773506581266,0.7549728742082619,0.02571710590778498,0.008763969881972544
-22.647058823529413,22.647058823529406,1.0,0.5843768808395198,-0.584376874133494,0.8264337056786587,0.02647048394938782,0.008841489931714356
-22.647058823529413,26.764705882352935,0.9999999403953552,0.5844488969755559,-0.690712337764904,0.9048005563197907,0.027365355684700624,0.008952849987792895
-22.647058823529413,30.882352941176464,1.0000001192092896,0.5845328821331485,-0.7970902994743692,0.9884491063332622,0.028435742520142984,0.009102804552751925
-22.647058823529413,35.0,1.0,0.5846290510615237,-0.9035176283675643,1.076166916475342,0.029663881924886833,0.012895131180642786
-18.529411764705884,-35.0,0.9999999403953552,0.478283718793824,0.9034248237705862,1.022219021476398,0.028925571417713198,0.01280080779535324
-18.529411764705884,-30.88235294117647,1.0,0.47820509491928537,0.7970085034557254,0.9294636450058161,0.0276914038069135,0.008989950948499076
-18.529411764705884,-26.764705882352942,1.0,0.47813634069922517,0.6906413734916829,0.8399999208784033,0.026616196112004376,0.008858432371985341
-18.529411764705884,-22.647058823529413,1.0,0.4780774230110858,0.5843168620434689,0.7549729913455493,0.025717332197036594,0.008764086191600172
-18.529411764705884,-18.529411764705884,0.9999999403953552,0.47802839833577576,0.4780284024589873,0.6760342470414932,0.024960461309105647,0.008702222296689387
-18.529411764705884,-14.411764705882355,0.9999999403953552,0.4779891455679495,0.37176934369619224,0.6055460908907562,0.024343204992685216,0.00866808718709112
-18.529411764705884,-10.294117647058826,1.0,0.4779597297979358,0.2655331955496145,0.5467662949078935,0.023865353947853295,0.008657211395199888
-18.529411764705884,-6.176470588235297,0.9999998807907104,0.47794013554744486,0.15931337714918103,0.5037931374143431,0.02352948394798087,0.008664980147085423
-18.529411764705884,-2.058823529411768,1.0,0.47793035252027394,0.05310336283912056,0.4808714890747596,0.02334532394125557,0.0062746569881618
-18.529411764705884,2.058823529411761,1.0000001192092896,0.47793029908341705,-0.05310336203996915,0.48087143587648506,0.02334532283291585,0.0062746594448319076
-18.529411764705884,6.17647058823529,1.0,0.4779401224205124,-0.15931337113327756,0.5037931230586458,0.02352949140420621,0.008664966662312376
-18.529411764705884,10.294117647058819,1.0,0.47795972652526997,-0.2655331912816066,0.546766289974341,0.023865355791969075,0.00865720605901109
-18.529411764705884,14.411764705882348,1.0000001192092896,0.47798912600373383,-0.37176932728390427,0.605546065371529,0.024343208380392178,0.008668061753429296
-18.529411764705884,18.529411764705877,0.9999998807907104,0.47802841503642474,-0.4780284210674305,0.6760342720087917,0.024960457757698708,0.00870224726398844
-18.529411764705884,22.647058823529406,0.9999999403953552,0.47807743768412375,-0.5843168843305031,0.7549730178862843,0.02571733193893609,0.008764112321722478
-18.529411764705884,26.764705882352935,0.9999999403953552,0.47813634069775274,-0.690641373633734,0.8399999209943585,0.026616194215143173,0.008858432471430268
-18.529411764705884,30.882352941176464,1.0,0.47820507301846893,-0.7970084648242508,0.9294636006117228,0.027691398193971078,0.008989908096393136
-18.529411764705884,35.0,1.0,0.4782837195221573,-0.9034248188066735,1.02221901743013,0.02892558438094589,0.01280080284085282
-14.411764705882355,-35.0,1.0,0.37196783382236265,0.9033504108127999,0.9769350204154599,0.02832528139862124,0.012725749426776343
-14.411764705882355,-30.88235294117647,1.0,0.3719067520516678,0.7969430446703964,0.8794503105179634,0.027085718543905516,0.008909438663336582
-14.411764705882355,-26.764705882352942,0.9999998807907104,0.3718532892572108,0.690584695739602,0.7843354452791009,0.026006544743233204,0.008794993362698886
-14.411764705882355,-22.647058823529413,1.0000001192092896,0.3718074882807752,0.5842688833290134,0.6925394836167762,0.025103278924897963,0.008716103699615495
-14.411764705882355,-18.529411764705884,1.0,0.3717693571573839,0.4779891661941599,0.6055461154364733,0.02434306986890578,0.008668111277971768
-14.411764705882355,-14.411764705882355,0.9999999403953552,0.37173886426239294,0.3717388542131249,0.5257181363951416,0.023721698367958642,0.008646302652481582
-14.411764705882355,-10.294117647058826,1.0000001192092896,0.3717159705140834,0.2655114053197544,0.45680309662927837,0.02324058428344091,0.008646120057675757
-14.411764705882355,-6.176470588235297,1.0000001192092896,0.3717006846418521,0.15930028936127497,0.4043982951915197,0.02290171066384523,0.006424749761700808
-14.411764705882355,-2.058823529411768,1.0,0.37169313872933546,0.05309901333702843,0.37546676896342096,0.022716855498192193,0.006226669699066712
-14.411764705882355,2.058823529411761,1.0,0.3716931242496771,-0.05309901109179099,0.37546675431176596,0.022716859924645314,0.006226667877708978
-14.411764705882355,6.17647058823529,1.0000001192092896,0.37170072617272665,-0.1593003067633134,0.4043983402194154,0.02290171064233381,0.006424708031295796
-14.411764705882355,10.294117647058819,1.0,0.3717160246532656,-0.265511442429485,0.4568031622537358,0.023240586856555293,0.00864618453521969
-14.411764705882355,14.411764705882348,1.0000001192092896,0.3717388789697088,-0.3717388667256407,0.5257181556424693,0.023721697032684848,0.008646321899810551
-14.411764705882355,18.529411764705877,0.9999999403953552,0.3717693645188218,-0.47798917805483215,0.605546129318207,0.02434308027693976,0.0086681248621802
-14.411764705882355,22.647058823529406,0.9999998807907104,0.3718074971189381,-0.5842688983973879,0.6925395010743766,0.025103266825344257,0.008716120590211212
-14.411764705882355,26.764705882352935,1.0000001192092896,0.3718532763050929,-0.6905846664363701,0.7843354133378553,0.026006540312802997,0.00879496350097949
-14.411764705882355,30.882352941176464,1.0,0.3719067359921958,-0.7969430079022991,0.8794502704080162,0.027085719643069356,0.008909401266592586
-14.411764705882355,35.0,1.0,0.3719678301630853,-0.9033504025312518,0.9769350113644246,0.02832528385324234,0.01272574111875482
-10.294117647058826,-35.0,1.0,0.26567493732791303,0.9032947755199521,0.9415543658259098,0.02786426205984274,0.012669873932391593
-10.294117647058826,-30.88235294117647,0.9999998807907104,0.265631308283461,0.7968939202302745,0.8399999476430687,0.026619660798419393,0.008856678507840674
-10.294117647058826,-26.764705882352942,1.0,0.26559315235150327,0.6905421826033482,0.7398568973325887,0.025535777590827553,0.00875782849395587
-10.294117647058826,-22.647058823529413,0.9999998807907104,0.26556045022268243,0.5842329661189828,0.6417558035753618,0.024628783708530128,0.008692930723750393
-10.294117647058826,-18.529411764705884,0.9999999403953552,0.26553322069587504,0.4779597565556635,0.5467663305104599,0.02386510623143053,0.008657248089363759
-10.294117647058826,-14.411764705882355,1.0,0.2655114305265334,0.3717160198607763,0.4568031514354769,0.023240485056209483,0.008646172711167745
-10.294117647058826,-10.294117647058826,1.0000001192092896,0.2654950801205533,0.2654950855785277,0.3754667469091887,0.02275653906152941,0.00638124246718978
-10.294117647058826,-6.176470588235297,1.0,0.2654842031831855,0.1592905202770048,0.3096051226803746,0.02241478206925881,0.006336044278937983
-10.294117647058826,-2.058823529411768,0.9999999403953552,0.2654787621335587,0.053095740686865206,0.2707362754103215,0.022228541543413884,0.0062224593374968305
-10.294117647058826,2.058823529411761,1.0,0.26547876576828777,-0.05309574312061578,0.2707362794517643,0.0222285527561986,0.00622246168515428
-10.294117647058826,6.17647058823529,1.0000001192092896,0.26548417237796607,-0.15929050246908952,0.30960508710302004,0.02241477879523822,0.006336062767069074
-10.294117647058826,10.294117647058819,1.0,0.2654950968645993,-0.265495103508877,0.3754667714276888,0.022756542270981738,0.006381225361598028
-10.294117647058826,14.411764705882348,0.9999999403953552,0.2655114234016921,-0.3717160083931108,0.45680313796262373,0.02324047486390294,0.008646159575775825
-10.294117647058826,18.529411764705877,1.0,0.2655332203133224,-0.4779597565679442,0.5467663303354111,0.023865107808576983,0.008657247825871439
-10.294117647058826,22.647058823529406,0.9999999403953552,0.2655604383590189,-0.5842329362848139,0.6417557715061156,0.02462878521738608,0.008692901319615207
-10.294117647058826,26.764705882352935,1.0,0.2655931550578059,-0.6905421877810839,0.7398569031367116,0.025535775246951557,0.008757834061574038
-10.294117647058826,30.882352941176464,1.0,0.26563129001288743,-0.7968938682797522,0.8399998925808132,0.026619661883023893,0.008856628830104456
-10.294117647058826,35.0,1.0,0.265674960791241,-0.9032948493132713,0.9415544432412355,0.02786427026530903,0.012669947817637722
-6.176470588235297,-35.0,1.0000001192092896,0.1593984247474577,0.9032577016114084,0.917214442391906,0.027542390591829096,0.012632723329578372
-6.176470588235297,-30.88235294117647,0.9999998807907104,0.15937223563486747,0.7968612023790304,0.8126421631617509,0.02629390915276214,0.008827127119838102
-6.176470588235297,-26.764705882352942,0.9999999403953552,0.15934933234013607,0.6905138035133254,0.7086617829117684,0.025205733065013766,0.008742266391255681
-6.176470588235297,-22.647058823529413,0.9999998211860657,0.15932973476428483,0.584209010810335,0.6055461441476178,0.02429528088122297,0.00868987462713924
-6.176470588235297,-18.529411764705884,1.0,0.1593133852313542,0.47794016967610076,0.5037931723474365,0.023527837571131575,0.008665009807930635
-6.176470588235297,-14.411764705882355,1.0,0.1593003247976575,0.37170076473225605,0.4043983827652914,0.02290099225600705,0.006424669264730337
-6.176470588235297,-10.294117647058826,0.9999999403953552,0.15929052145895597,0.2654842075596999,0.3096051270413136,0.022414198261676056,0.00633604300002716
-6.176470588235297,-6.176470588235297,1.0,0.15928399589690426,0.1592839838052706,0.22526157871630642,0.022069973847908465,0.006159668368166127
-6.176470588235297,-2.058823529411768,0.9999999403953552,0.15928073892573458,0.05309356772740587,0.16789663703229035,0.0218831626260608,0.0062192820912429685
-6.176470588235297,2.058823529411761,1.0,0.15928071698354257,-0.053093560767698646,0.16789661401524658,0.02188315786141299,0.006219275464935854
-6.176470588235297,6.17647058823529,0.9999999403953552,0.15928398492684429,-0.15928397754864088,0.22526156653519722,0.022069976461716025,0.006159657491756047
-6.176470588235297,10.294117647058819,1.0000001192092896,0.15929050206524695,-0.2654841688188551,0.3096050838433323,0.022414201891834698,0.006336063249918962
-6.176470588235297,14.411764705882348,0.9999999403953552,0.15930031627885657,-0.3717007475215669,0.40439836359045195,0.022900996936066537,0.006424686573277972
-6.176470588235297,18.529411764705877,1.0,0.15931337841103047,-0.4779401505960389,0.5037931520897247,0.023527842214460522,0.008664991581688826
-6.176470588235297,22.647058823529406,1.0,0.1593297208481776,-0.5842089566211588,0.6055460882062911,0.024295273892007387,0.00868982675154985
-6.176470588235297,26.764705882352935,0.9999998807907104,0.1593493403705356,-0.6905138591348399,0.7086618389145942,0.02520573004423142,0.008742311166143957
-6.176470588235297,30.882352941176464,1.0,0.15937222686168764,-0.796861167464913,0.8126421272050799,0.026293916532382743,0.0088270962446226
-6.176470588235297,35.0,1.0,0.15939841690320708,-0.9032576648779673,0.9172144048542015,0.027542398650692173,0.012632686581657325
-2.058823529411768,-35.0,1.0000001192092896,0.05313170758001535,0.9032391458309378,0.904800493430331,0.027365366490767477,0.012614147614317613
-2.058823529411768,-30.88235294117647,0.9999999403953552,0.053122990317703275,0.7968448756347821,0.7986136787744786,0.026114375542854385,0.008818983953930753
-2.058823529411768,-26.764705882352942,1.0,0.05311535028960371,0.6904996248009283,0.6925395095491738,0.025024533772394126,0.008743740657699216
-2.058823529411768,-22.647058823529413,0.9999998807907104,0.05310881980814775,0.5841970282293734,0.5866060982750226,0.024111906248444767,0.006427992134607991
-2.058823529411768,-18.529411764705884,0.9999998807907104,0.05310336588274843,0.47793035363165043,0.480871490515451,0.02334392613623539,0.00627465391152258
-2.058823529411768,-14.411764705882355,1.0,0.05309900815329138,0.3716931219789621,0.3754667516483063,0.022715399052995053,0.006226665006789291
-2.058823529411768,-10.294117647058826,1.0,0.05309574116770061,0.26547875118913017,0.2707362647727259,0.022228044172356902,0.0062224600754208145
-2.058823529411768,-6.176470588235297,1.0,0.05309357723315529,0.1592807350667165,0.16789663637728588,0.021882902425756297,0.006219291654389931
-2.058823529411768,-2.058823529411768,0.9999999403953552,0.05309247847020241,0.0530924807664198,0.07508410473623271,0.021695449755049428,0.006217565820375408
-2.058823529411768,2.058823529411761,1.0,0.05309248567949912,-0.05309248641551233,0.07508411382848691,0.021695441839077973,0.006217571431686005
-2.058823529411768,6.17647058823529,1.0,0.05309357357344596,-0.1592807287354134,0.1678966292135827,0.021882897105523103,0.006219288091066954
-2.058823529411768,10.294117647058819,1.0000001192092896,0.05309573848652074,-0.26547874775230673,0.2707362608768207,0.022228036140089575,0.006222457475759529
-2.058823529411768,14.411764705882348,1.0000001192092896,0.05309900563338026,-0.37169309691030317,0.37546672647523077,0.022715403011139956,0.006226663220248105
-2.058823529411768,18.529411764705877,0.9999999403953552,0.05310336294144259,-0.4779303590900668,0.48087149561566944,0.023343931973334085,0.006274656682089491
-2.058823529411768,22.647058823529406,0.9999998807907104,0.05310881470990977,-0.5841970038977411,0.5866060735817427,0.02411190699070852,0.006428016478998154
-2.058823529411768,26.764705882352935,1.0000001192092896,0.053115350395164206,-0.6904996281216624,0.6925395128682227,0.025024533009939127,0.008743743059072788
-2.058823529411768,30.882352941176464,0.9999999403953552,0.05312298935258369,-0.7968448701590765,0.7986136732467021,0.026114375246437005,0.00881898077621085
-2.058823529411768,35.0,0.9999999403953552,0.05313170342483128,-0.9032391024007672,0.9048004498311039,0.02736537343653246,0.012614104181944339
2.058823529411761,-35.0,1.0000001192092896,-0.05313170120552673,0.903239066942731,0.904800414303933,0.027365368331957015,0.012614068722733974
2.058823529411761,-30.88235294117647,1.0000001192092896,-0.05312298575135597,0.7968447866892717,0.7986135897222196,0.0261143768402392,0.008818924459665672
2.058823529411761,-26.764705882352942,1.0,-0.05311535604702576,0.6904996705359713,0.6925395555910776,0.025024529296643953,0.00874377680226599
2.058823529411761,-22.647058823529413,0.9999999403953552,-0.05310881012327389,0.5841969659249509,0.5866060353496443,0.02411190006911854,0.006428054463218419
2.058823529411761,-18.529411764705884,0.9999999403953552,-0.05310336227156081,0.4779303466434021,0.48087148317115574,0.02334392888326233,0.006274657737758831
2.058823529411761,-14.411764705882355,1.0,-0.053099008371141745,0.3716931214769359,0.37546675118213435,0.022715400332665756,0.006226665239210673
2.058823529411761,-10.294117647058826,0.9999999403953552,-0.05309574372671393,0.26547876379946433,0.2707362776400397,0.02222804250888956,0.006222462337354711
2.058823529411761,-6.176470588235297,1.0,-0.05309357258238983,0.15928072187489697,0.16789662239172587,0.02188289706925042,0.006219287204119413
2.058823529411761,-2.058823529411768,0.9999999403953552,-0.05309247908445475,0.05309248171226718,0.0750841058393898,0.02169544008122692,0.006217566762996978
2.058823529411761,2.058823529411761,0.9999999403953552,-0.05309247929797631,-0.05309248712677342,0.07508410981900661,0.02169545372383522,0.006217572176312335
2.058823529411761,6.17647058823529,1.0,-0.053093573695842985,-0.15928071725646725,0.16789661836240352,0.021882900587979447,0.00621928838745707
2.058823529411761,10.294117647058819,1.0,-0.05309574429803838,-0.2654787727886245,0.2707362865666824,0.022228039573771476,0.006222462697270564
2.058823529411761,14.411764705882348,1.0,-0.0530990051948039,-0.3716931183561413,0.37546674764350346,0.022715407209181297,0.006226662155386196
2.058823529411761,18.529411764705877,1.0,-0.05310336387847975,-0.47793034548404645,0.4808714821963455,0.02334392471989574,0.006274656167579126
2.058823529411761,22.647058823529406,1.0,-0.05310881514270663,-0.5841970064047765,0.5866060761176657,0.024111899995163104,0.0064280139708810064
2.058823529411761,26.764705882352935,0.9999997615814209,-0.053115353485281326,-0.6904996745422648,0.6925395593890936,0.02502453564381111,0.008743777780223401
2.058823529411761,30.882352941176464,1.0,-0.0531229877195341,-0.7968447985963573,0.7986136017338541,0.0261143749454878,0.00881893146216388
2.058823529411761,35.0,1.0,-0.0531317084336676,-0.9032391367526424,0.9048004844178296,0.02736537458631266,0.012614138536477519
6.17647058823529,-35.0,1.0,-0.15939841370150046,0.9032576522840617,0.9172143918955206,0.0275423903642723,0.012632673981838852
6.17647058823529,-30.88235294117647,0.9999998211860657,-0.15937223814208323,0.7968612340118816,0.8126421946720189,0.02629390831005674,0.008827151242323188
6.17647058823529,-26.764705882352942,0.9999999403953552,-0.15934934331067102,0.6905138523717526,0.7086618329858189,0.02520572752719963,0.008742308510414519
6.17647058823529,-22.647058823529413,1.0,-0.15932973308865608,0.5842090068033432,0.60554613984093,0.024295275560666338,0.008689870625307943
6.17647058823529,-18.529411764705884,0.9999999403953552,-0.15931338429108416,0.47794017794268184,0.5037931798924644,0.02352784209026425,0.008665014922695221
6.17647058823529,-14.411764705882355,1.0000001192092896,-0.15930031666419658,0.3717007477634767,0.404398363964595,0.022900998125185656,0.00642468632690512
6.17647058823529,-10.294117647058826,0.9999998211860657,-0.15929052828032295,0.2654842169926076,0.30960513863952954,0.022414202711587297,0.0063360359707437825
6.17647058823529,-6.176470588235297,0.9999998807907104,-0.15928398607745867,0.15928398293950372,0.22526157116072007,0.02206997986532007,0.006159658562585344
6.17647058823529,-2.058823529411768,1.0,-0.15928072615108652,0.05309356421532014,0.16789662380257603,0.021883156383547007,0.006219278773189794
6.17647058823529,2.058823529411761,1.0,-0.1592807194502501,-0.05309356103087639,0.16789661643859496,0.02188315131993529,0.006219275690689034
6.17647058823529,6.17647058823529,1.0,-0.1592839810233736,-0.15928397441981212,0.2252615615626106,0.02206997874926817,0.006159653634947709
6.17647058823529,10.294117647058819,0.9999999403953552,-0.15929050704915415,-0.26548418728470846,0.30960510224187,0.022414204925198782,0.006336057856830524
6.17647058823529,14.411764705882348,1.0,-0.15930031993802987,-0.3717007517978068,0.4043983689623556,0.022900993811752233,0.006424682254791966
6.17647058823529,18.529411764705877,1.0,-0.15931337069142482,-0.47794013903438604,0.5037931386802241,0.023527842868034395,0.008664977975789561
6.17647058823529,22.647058823529406,1.000000238418579,-0.15932971410977,-0.5842089395895941,0.6055460700018612,0.024295271442759267,0.008689810015979007
6.17647058823529,26.764705882352935,1.0,-0.15934933217663189,-0.690513809577853,0.7086617887842254,0.02520573198415339,0.008742270533345102
6.17647058823529,30.882352941176464,0.9999998807907104,-0.1593722325364574,-0.7968611980484337,0.8126421583076032,0.02629391148950376,0.008827121867509244
6.17647058823529,35.0,0.9999997615814209,-0.15939843481851448,-0.9032577816031816,0.917214522916691,0.027542395188057577,0.012632803339892622
10.294117647058819,-35.0,1.0000001192092896,-0.2656749197947369,0.9032947138476591,0.9415543017123676,0.027864264168942634,0.012669812191483828
10.294117647058819,-30.88235294117647,0.9999998807907104,-0.26563131984575555,0.7968939678405791,0.839999996466488,0.02661965928364197,0.0088567203748684
10.294117647058819,-26.764705882352942,0.9999999403953552,-0.2655931376382574,0.6905421431446958,0.7398568552222814,0.025535783172587694,0.008757790260989376
10.294117647058819,-22.647058823529413,0.9999999403953552,-0.2655604405224675,0.5842329474027741,0.6417557825227752,0.024628783160360997,0.008692910670887963
10.294117647058819,-18.529411764705884,1.0,-0.26553319569957223,0.4779597178602055,0.5467662845452659,0.02386510491072935,0.008657203111428842
10.294117647058819,-14.411764705882355,1.0,-0.26551141331288985,0.37171599269456485,0.4568031193241942,0.023240481666505126,0.008646141356226688
10.294117647058819,-10.294117647058826,1.0,-0.26549509040060326,0.2654950946467331,0.37546676059047124,0.02275653919470703,0.0063812320046588555
10.294117647058819,-6.176470588235297,0.9999998807907104,-0.26548419951551067,0.1592905177743576,0.309605118247768,0.022414780993188034,0.006336046862469707
10.294117647058819,-2.058823529411768,0.9999999403953552,-0.26547875899206475,0.053095743382782085,0.27073627285854596,0.02222854780856309,0.006222462106500048
10.294117647058819,2.058823529411761,1.0,-0.26547876326757947,-0.05309574418468479,0.2707362772082991,0.022228549711814552,0.006222462807699107
10.294117647058819,6.17647058823529,0.9999999403953552,-0.2654841958520958,-0.1592905147124724,0.30960511353108877,0.022414780736018262,0.0063360500050087054
10.294117647058819,10.294117647058819,1.0,-0.26549509021328177,-0.26549509917045033,0.3754667636567661,0.02275653962279603,0.006381232099851968
10.294117647058819,14.411764705882348,1.0,-0.26551144030472246,-0.37171603253517727,0.4568031674325181,0.023240484249268334,0.008646188579831552
10.294117647058819,18.529411764705877,1.0,-0.2655332109093532,-0.4779597388539277,0.5467663102836036,0.023865108641856248,0.008657228686165874
10.294117647058819,22.647058823529406,0.9999999403953552,-0.26556042961924786,-0.5842329321374841,0.6417557641139825,0.024628781567664113,0.0086928921867684
10.294117647058819,26.764705882352935,1.0,-0.26559313560355113,-0.6905421419258542,0.739856853354264,0.025535774417658207,0.008757787958027837
10.294117647058819,30.882352941176464,1.0000001192092896,-0.2656312740271854,-0.7968938268978261,0.8399998482673482,0.026619661610313657,0.008856588247070174
10.294117647058819,35.0,1.0,-0.26567496151439157,-0.9032948534835861,0.9415544474461404,0.027864269906108876,0.012669951990771644
14.411764705882348,-35.0,1.0,-0.3719678352895446,0.9033504248590125,0.9769350339623143,0.028325281430990484,0.012725763483318336
14.411764705882348,-30.88235294117647,1.0000001192092896,-0.3719067077033567,0.7969429434367754,0.8794502000275066,0.027085719061866742,0.00890933560602045
14.411764705882348,-26.764705882352942,0.9999998807907104,-0.371853286956725,0.6905846869862953,0.7843354364814074,0.026006541798625153,0.008794985553318103
14.411764705882348,-22.647058823529413,1.0,-0.3718074907124227,0.5842688924976233,0.6925394926574712,0.02510327266779594,0.008716111887277713
14.411764705882348,-18.529411764705884,1.0,-0.37176933136836615,0.4779891428175127,0.6055460811511396,0.024343069000578532,0.00866807650850115
14.411764705882348,-14.411764705882355,0.9999999403953552,-0.3717388780351718,0.37173886980052673,0.5257181571559245,0.023721695861081443,0.008646323413263476
14.411764705882348,-10.294117647058826,1.0,-0.3717159934313267,0.26551142069936146,0.45680312421702135,0.023240586242336818,0.0086461471176482
14.411764705882348,-6.176470588235297,1.0,-0.3717007351585185,0.15930031248747167,0.4043983507335177,0.022901715987454257,0.00642469897956502
14.411764705882348,-2.058823529411768,1.0,-0.37169313118440916,0.05309901236283723,0.37546676135655355,0.022716845802537737,0.006226668945659071
14.411764705882348,2.058823529411761,1.0,-0.3716931383308985,-0.053099012138310045,0.37546676839946413,0.022716851592475773,0.006226668512496804
14.411764705882348,6.17647058823529,1.000000238418579,-0.3717006931692603,-0.15930029409413513,0.4043983048938095,0.022901711554902303,0.006424741179834441
14.411764705882348,10.294117647058819,1.0,-0.3717159957840531,-0.26551142071606165,0.4568031261412204,0.023240585405046615,0.008646148786937617
14.411764705882348,14.411764705882348,1.0000001192092896,-0.37173883555579035,-0.37173882902202277,0.5257180982837091,0.023721696816199164,0.008646264541047381
14.411764705882348,18.529411764705877,1.0,-0.3717693627963051,-0.4779891745570858,0.6055461254997302,0.024343071387986335,0.008668121173999168
14.411764705882348,22.647058823529406,1.0,-0.37180750143180685,-0.5842689058112215,0.692539509644616,0.025103268676183045,0.00871612887533534
14.411764705882348,26.764705882352935,1.0000001192092896,-0.3718532679362054,-0.6905846473620433,0.7843353925757737,0.0260065467657749,0.008794944107047745
14.411764705882348,30.882352941176464,0.9999999403953552,-0.3719066875616482,-0.7969429081763991,0.8794501595575124,0.027085714562856328,0.008909296400253822
14.411764705882348,35.0,0.9999998807907104,-0.37196786480908134,-0.9033504871357753,0.9769351027878308,0.02832528590759901,0.012725825973804112
18.529411764705877,-35.0,0.9999998807907104,-0.4782837090703226,0.9034248188498883,1.0222190125780377,0.028925571011237716,0.01280080275447441
18.529411764705877,-30.88235294117647,0.9999998807907104,-0.4782051462973476,0.7970085874849047,0.9294637434940378,0.027691399622238072,0.008990046792050324
18.529411764705877,-26.764705882352942,1.0000001192092896,-0.47813631595360817,0.6906413408081751,0.8399998799208263,0.026616183311678688,0.008858391761211911
18.529411764705877,-22.647058823529413,1.0,-0.4780774068650807,0.5843168475799522,0.7549729699271445,0.025717333838113043,0.008764064546393948
18.529411764705877,-18.529411764705884,0.9999999403953552,-0.4780283569718075,0.47802836170736396,0.6760341889770015,0.02496045350904014,0.008702164232197877
18.529411764705877,-14.411764705882355,0.9999998807907104,-0.47798917944918606,0.3717693734022176,0.6055461358727209,0.024343203783450156,0.008668132142666459
18.529411764705877,-10.294117647058826,1.0,-0.4779597398817013,0.265533199524394,0.5467663056530141,0.023865356354171762,0.008657221309993903
18.529411764705877,-6.176470588235297,1.0,-0.47794014634875104,0.15931338070461365,0.5037931487856884,0.02352948452519337,0.00866499024679208
18.529411764705877,-2.058823529411768,1.0,-0.4779303599214818,0.053103363894068334,0.4808714965471992,0.023345323745740366,0.006274655704131609
18.529411764705877,2.058823529411761,1.0000001192092896,-0.47793032875775143,-0.05310336458751982,0.4808714656506533,0.02334532298667232,0.006274655977791462
18.529411764705877,6.17647058823529,1.0000001192092896,-0.47794012616364706,-0.1593133742411376,0.5037931275924867,0.023529482423470863,0.008664971501934134
18.529411764705877,10.294117647058819,0.9999998807907104,-0.477959725094516,-0.2655331933724108,0.5467662897390213,0.023865355756757384,0.008657206540670995
18.529411764705877,14.411764705882348,1.0,-0.47798915385181434,-0.3717693542346297,0.605546103899618,0.024343205586395095,0.008668100500355724
18.529411764705877,18.529411764705877,1.0,-0.478028398050993,-0.4780284064211267,0.676034249641777,0.02496045719118716,0.008702224896974729
18.529411764705877,22.647058823529406,1.0,-0.47807739791516113,-0.5843168374173466,0.7549729563942944,0.025717329041266494,0.008764051032533323
18.529411764705877,26.764705882352935,0.9999998807907104,-0.4781363456849484,-0.6906413810106733,0.8399999298983819,0.026616194161895732,0.00885844121487225
18.529411764705877,30.882352941176464,0.9999998807907104,-0.47820511161901413,-0.7970085256668827,0.9294636726436659,0.027691404895102675,0.008989978478780003
18.529411764705877,35.0,1.0,-0.47828371507768336,-0.903424828738112,1.0222190241279008,0.02892557705763847,0.012800812716420884
22.647058823529406,-35.0,0.9999998807907104,-0.5846290762271749,0.9035176841572894,1.0761669769860025,0.029663884368083492,0.012895187455358541
22.647058823529406,-30.88235294117647,1.0000001192092896,-0.5845328189650664,0.7970902240776447,0.9884490081776586,0.02843573275997249,0.00910270653504886
22.647058823529406,-26.764705882352942,1.0000001192092896,-0.5844488259738313,0.6907122499334178,0.9048004434074256,0.027365346530265833,0.008952737663190349
22.647058823529406,-22.647058823529413,1.0,-0.5843768455576317,0.5843768276369424,0.8264336478525695,0.02647048819893828,0.008841432105632908
22.647058823529406,-18.529411764705884,1.0,-0.5843169165876128,0.47807747092489017,0.7549730639012192,0.025717113607136792,0.008764158636290272
22.647058823529406,-14.411764705882355,1.0,-0.584268933083443,0.3718075213195893,0.6925395433304019,0.025103281575166704,0.008716162205982658
22.647058823529406,-10.294117647058826,1.0,-0.5842329380038467,0.26556043047166294,0.6417557698072542,0.024629068175223336,0.008692896915218238
22.647058823529406,-6.176470588235297,1.000000238418579,-0.5842089359058527,0.15932971349533565,0.6055460662862524,0.02429678493653807,0.008689806998186054
22.647058823529406,-2.058823529411768,1.0,-0.5841969593919956,0.05310880873137621,0.586606028717502,0.024114353644950893,0.006428060999658805
22.647058823529406,2.058823529411761,0.9999998807907104,-0.5841970128529341,-0.05310881398707035,0.5866060824347158,0.024114355677938792,0.006428007525653612
22.647058823529406,6.17647058823529,1.0000001192092896,-0.584208930459664,-0.1593297150228705,0.6055460614338877,0.02429678373493726,0.008689804275877714
22.647058823529406,10.294117647058819,1.0,-0.584232931293125,-0.265560425849054,0.641755761785189,0.024629062776725334,0.008692888910809856
22.647058823529406,14.411764705882348,0.9999997615814209,-0.5842689847153713,-0.37180755365732265,0.6925396042516079,0.025103284343968385,0.008716221538510188
22.647058823529406,18.529411764705877,0.9999998807907104,-0.5843168700773517,-0.478077431947882,0.7549730032225486,0.0257171141716533,0.00876409819222204
22.647058823529406,22.647058823529406,0.9999999403953552,-0.5843768642430656,-0.5843768517270392,0.8264336780994372,0.026470487439888734,0.008841462352496065
22.647058823529406,26.764705882352935,0.9999999403953552,-0.5844488772911223,-0.690712313480061,0.9048005250660675,0.02736535196469146,0.008952818893384035
22.647058823529406,30.882352941176464,1.0,-0.5845329360045631,-0.7970903846472048,0.9884492068746596,0.02843574965872531,0.009102902969651393
22.647058823529406,35.0,1.0,-0.5846290536160269,-0.9035176436943622,1.0761669307310013,0.029663877557423383,0.012895146554793114
26.764705882352935,-35.0,0.9999999403953552,-0.6910105042118562,0.9036291127754648,1.1375592689554674,0.030543995737610328,0.01410855906146473
26.764705882352935,-30.88235294117647,1.0,-0.6908968107340225,0.7971886060356748,1.0549161467507955,0.02932134227126272,0.009252834130252017
26.764705882352935,-26.764705882352942,0.9999998807907104,-0.6907974997245391,0.6907974964418179,0.9769351906426331,0.02825624533597239,0.009082783893546408
26.764705882352935,-22.647058823529413,1.0,-0.6907122726210784,0.5844488518011214,0.9048004774098122,0.027365099187403943,0.008952771966068099
26.764705882352935,-18.529411764705884,0.9999998807907104,-0.6906413702697993,0.47813633138883854,0.8399999129298308,0.026615956973736202,0.008858423512063436
26.764705882352935,-14.411764705882355,0.9999998807907104,-0.6905846684115682,0.3718532926185932,0.7843354228111877,0.026006895226486637,0.008794976448203186
26.764705882352935,-10.294117647058826,1.0,-0.6905422200369674,0.2655931586599106,0.739856934535679,0.02553647380600663,0.008757859333432611
26.764705882352935,-6.176470588235297,1.0000001192092896,-0.6905138107613781,0.15934932707531982,0.7086617887903633,0.025207630847899735,0.008742267732377549
26.764705882352935,-2.058823529411768,0.9999998807907104,-0.6904997025744376,0.05311535776337543,0.6925395876668121,0.02502668272114004,0.008743800468917491
26.764705882352935,2.058823529411761,0.9999999403953552,-0.6904996317236329,-0.053115355732374234,0.6925395168689288,0.02502668364590147,0.008743749391234065
26.764705882352935,6.17647058823529,1.0,-0.6905138091734224,-0.15934932758865655,0.7086617873585019,0.025207626004592816,0.008742266982802883
26.764705882352935,10.294117647058819,1.0,-0.6905421065789918,-0.26559311584783313,0.7398568132715359,0.025536464552047673,0.008757749040348033
26.764705882352935,14.411764705882348,1.0000001192092896,-0.6905846231626578,-0.3718532694544797,0.7843353719887277,0.02600688808955568,0.008794928096341659
26.764705882352935,18.529411764705877,1.0000001192092896,-0.6906413348294069,-0.4781363082639756,0.8399998706281141,0.02661596033252185,0.008858382096679154
26.764705882352935,22.647058823529406,1.0,-0.6907123210143932,-0.5844488874517326,0.9048005373808408,0.027365101249067627,0.008952831403620297
26.764705882352935,26.764705882352935,1.0000001192092896,-0.6907973852582174,-0.6907973854027839,0.976935031186267,0.028256238959985136,0.009082624437179963
26.764705882352935,30.882352941176464,0.9999999403953552,-0.6908968296409378,-0.7971886333863681,1.054916179802132,0.02932134947485808,0.009252866858226164
26.764705882352935,35.0,1.0000001192092896,-0.6910104326934892,-0.9036290190176991,1.137559151034412,0.030544002159044854,0.014108531927433174
30.882352941176464,-35.0,1.0,-0.7974345931151562,0.90375917968274,1.205272826026354,0.031592395737989484,0.014762957096655219
30.882352941176464,-30.88235294117647,1.0000001192092896,-0.7973033163746901,0.7973033110476354,1.1275571595753369,0.030378833008505468,0.013402149372681301
30.882352941176464,-26.764705882352942,1.0,-0.7971885756561561,0.6908967962152334,1.0549161142845267,0.029320944527202634,0.009252802346701018
30.882352941176464,-22.647058823529413,0.9999999403953552,-0.797090363355489,0.5845329330489735,0.9884491879570853,0.02843469001731152,0.009102885766537228
30.882352941176464,-18.529411764705884,0.9999998807907104,-0.7970085417603686,0.47820512054982134,0.9294636910385786,0.027690591648524412,0.00898999619475112
30.882352941176464,-14.411764705882355,0.9999998807907104,-0.7969430048454939,0.3719067323153624,0.8794502660831114,0.027086050914433373,0.008909396506472905
30.882352941176464,-10.294117647058826,1.0,-0.7968938696232166,0.2656312893475466,0.8399998936449362,0.026620835946715677,0.008856629311036595
30.882352941176464,-6.176470588235297,0.9999998807907104,-0.796861153578115,0.15937222086284616,0.8126421124114847,0.026295922312721164,0.008827082188300788
30.882352941176464,-2.058823529411768,1.0000001192092896,-0.7968447999076368,0.05312298335797514,0.7986136027521028,0.026116598750964077,0.008818935479024338
30.882352941176464,2.058823529411761,1.0,-0.7968448051960201,-0.05312298533034836,0.7986136081599734,0.026116599334766167,0.00881893781052897
30.882352941176464,6.17647058823529,1.0,-0.7968611788862804,-0.1593722274187629,0.8126421385139035,0.026295927189486167,0.008827104707854761
30.882352941176464,10.294117647058819,0.9999999403953552,-0.7968939379624759,-0.26563131765514464,0.8399999674288986,0.026620827459236458,0.00885669767912652
30.882352941176464,14.411764705882348,0.9999998807907104,-0.7969429875531405,-0.3719067279104375,0.8794502485502936,0.027086051841918833,0.00890938113801443
30.882352941176464,18.529411764705877,0.9999998807907104,-0.7970085487580033,-0.47820512024925743,0.929463696884362,0.027690594833694987,0.008990000951938977
30.882352941176464,22.647058823529406,1.0,-0.7970903228130357,-0.5845328973146671,0.9884491341314781,0.02843469116082085,0.009102831816093117
30.882352941176464,26.764705882352935,1.0,-0.7971886366817987,-0.690896845698761,1.054916192809212,0.029320941849284816,0.009252880514148002
30.882352941176464,30.882352941176464,1.0,-0.797303312168705,-0.7973033010088617,1.1275571495027714,0.03037883683289813,0.013402157521819369
30.882352941176464,35.0,1.0000001192092896,-0.7974345759452325,-0.9037591571662349,1.2052727977826332,0.03159238655991028,0.014762931408047514
35.0,-35.0,1.0,-0.9039079083486419,0.90390790980305,1.2783188241513679,0.032796029495893615,0.015029886044020956
35.0,-30.88235294117647,1.0,-0.9037590721530478,0.7974344971720655,1.2052726819184956,0.03159221892708891,0.014762822081009886
35.0,-26.764705882352942,1.0,-0.903629058123929,0.6910104662394507,1.1375592024762502,0.030542985953214405,0.014108546638516982
35.0,-22.647058823529413,0.9999999403953552,-0.9035176042077449,0.5846290358605438,1.0761668879335269,0.029662917167111776,0.012895106726041567
35.0,-18.529411764705884,0.9999998807907104,-0.9034248275644376,0.4782837145154757,1.0222190228275714,0.028924324974380147,0.012800811535866017
35.0,-14.411764705882355,0.9999998807907104,-0.9033505639782056,0.3719678959202005,0.9769351856878957,0.028325104257211478,0.012725903041253811
35.0,-10.294117647058826,1.0000001192092896,-0.9032947341129014,0.26567492945098276,0.9415543238788094,0.027864653158558267,0.012669832494618578
35.0,-6.176470588235297,1.0,-0.9032576626756563,0.15939841803332416,0.9172144028817996,0.027544272252443023,0.01263268438144503
35.0,-2.058823529411768,1.0000001192092896,-0.9032391086320918,0.05313170462333894,0.9048004561220543,0.027367997399552063,0.012614110413904997
35.0,2.058823529411761,1.0,-0.9032391229133054,-0.0531317072797485,0.9048004705346135,0.027367998504345493,0.012614124696528842
35.0,6.17647058823529,1.0,-0.90325765113975,-0.15939842009568245,0.9172143918798363,0.02754427592193777,0.01263267284938181
35.0,10.294117647058819,1.0,-0.9032947501922182,-0.2656749346103025,0.9415543407605375,0.0278646504944075,0.012669848594143432
35.0,14.411764705882348,1.0,-0.9033505266490259,-0.3719678807713954,0.9769351454025162,0.02832511001553482,0.01272586560249495
35.0,18.529411764705877,0.9999999403953552,-0.9034248254898211,-0.47828371053478913,1.0222190191315361,0.02892431754012998,0.012800809412053832
35.0,22.647058823529406,1.0,-0.9035175627767695,-0.5846290091736001,1.0761668386516001,0.02966291105769343,0.012895064777395123
35.0,26.764705882352935,0.9999999403953552,-0.903629005438209,-0.6910104286275738,1.137559137777597,0.03054297457926914,0.014108533744525963
35.0,30.882352941176464,1.0,-0.9037591260332414,-0.7974345466067241,1.205272755026944,0.03159222110739258,0.01476289093689809
35.0,35.0,0.9999999403953552,-0.9039079946388978,-0.9039079887699065,1.2783189410057927,0.03279604275019709,0.015029996814777673
